akceptor;stacjonarny - S&B
akceptor ( wlot );stacjonarny - S&B
antena coin box;stacjonarny - S&B
antena mifare;stacjonarny - S&B
Artema (mobilna);stacjonarny - S&B
Artema (stacjonarna);stacjonarny - S&B
Battery Pack;stacjonarny - S&B
BNA;stacjonarny - S&B
CM 0,1 z³;stacjonarny - S&B
CM 0,2 z³;stacjonarny - S&B
CM 0,5 z³;stacjonarny - S&B
CM 1,0 z³;stacjonarny - S&B
CM 2,0 z³;stacjonarny - S&B
CM 5,0 z³;stacjonarny - S&B
CR (manualny);stacjonarny - S&B
CR automatyczny;stacjonarny - S&B
Czujnik zmierzchowy;stacjonarny - S&B
drukarka (Thino);stacjonarny - S&B
HDD;stacjonarny - S&B
Hopper (0,1);stacjonarny - S&B
Hopper (1,0);stacjonarny - S&B
Hopper (5,0);stacjonarny - S&B
karta flash;stacjonarny - S&B
Karta SaM MIFARE;stacjonarny - S&B
karta sam zestaw p³atniczy;stacjonarny - S&B
LCD;stacjonarny - S&B
mifare;stacjonarny - S&B
modem;stacjonarny - S&B
Nagrzewnica;stacjonarny - S&B
panel wewnêtrzny;stacjonarny - S&B
PC;stacjonarny - S&B
pinpad;stacjonarny - S&B
P³yta backplan;stacjonarny - S&B
p³yta pod CM;stacjonarny - S&B
p³yta za ACM;stacjonarny - S&B
p³ytka do powerbox;stacjonarny - S&B
przejœciówka do modemu;stacjonarny - S&B
przetwornica PCMDS60 24S12W;stacjonarny - S&B
Router RUT500;stacjonarny - S&B
sortownik;stacjonarny - S&B
sterownik drukarki;stacjonarny - S&B
VIVOpay Kiosk II;stacjonarny - S&B
walidator (NRI);stacjonarny - S&B
zasilacz;stacjonarny - S&B
ZCGVA;stacjonarny - S&B
Komputer AEON EMB-CV1-A11 Mini-ITX;stacjonarny - BS 201
Artema PinPad;stacjonarny - BS 201
antena VIVO;stacjonarny - BS 201
Czytnik  artema  P167;stacjonarny - BS 201
Grzejnik z dmuchaw¹;stacjonarny - BS 201
Karuzela do automatu stacjonarnego;stacjonarny - BS 201
KONTROLER ARTEMA;stacjonarny - BS 201
Bezpiecznik 20 A 250 V;stacjonarny - BS 201
Pakiet kontrolera karuzel;stacjonarny - BS 201
P³yta ZASILACZ-MAINDO BS201;stacjonarny - BS 201
Przetwornica impulsowa DRA 240;stacjonarny - BS 201
Przetwornica impulsowa DR-120-24;stacjonarny - BS 201
pinpad;stacjonarny - BS 201
Akumulator ¿elowy 12V 2,3 Ah;mobilny - BM 101
Antena dwupasmowa GSM/GPS;mobilny - BM 101
Antena zbli¿eniowa;mobilny - BM 101
CR manual mobilny;mobilny - BM 101
grza³ka ;mobilny - BM 101
Interfejs IF9000 RS232 do drukarek termicznych SEIKO;mobilny - BM 101
kabel zasilacz-main 4 ¿y³y;mobilny - BM 101
Komputer PC 104 AMD GEODE 500 (EVOC:EC3-1641 CLDNA);mobilny - BM 101
MAIN (WRDE 0141);mobilny - BM 101
Mechanizm drukuj¹cy SEIKO z obcinaczem;mobilny - BM 101
Nak³adka dotykowa na ekran LCD ;mobilny - BM 101
opóŸniacz;mobilny - BM 101
Sprê¿yna szyby;mobilny - BM 101
VIVOpay Kiosk II Controller;mobilny - BM 101
wa³ek aluminiowy drukarki;mobilny - BM 101
Wentylator 12 v 50x50;mobilny - BM 101
Wyœwietlacz LCD;mobilny - BM 101
Zasilacz (WRKP0135);mobilny - BM 101
zespó³ drukarki do BM101 (stela¿, mechanizm druk., sterownik);mobilny - BM 101
Zespó³ kieszeni  wydawania biletu   ;mobilny - BM 101
